;accuracy;precision;recall;f1
GradientBoost;0.6980306345733042;0.6990244444642968;0.6980306345733042;0.6853123384700912
DeepLearning;0.7024070021881839;0.7073831728725284;0.7024070021881839;0.6868212797390905
EncoderLSTM;0.5809628008752735;0.33751777600084276;0.5809628008752735;0.42697750486473385
